month,year,stations_CH_count
11,2020,5095
12,2020,5250
1,2021,5507
2,2021,5713
3,2021,5825
4,2021,5946
5,2021,5979
6,2021,6089
8,2021,6256
9,2021,6319
10,2021,6411
11,2021,6480
12,2021,6605
1,2022,7148
2,2022,7204
3,2022,7256
4,2022,7548
5,2022,7896
6,2022,8059
7,2022,8303
8,2022,8588
9,2022,8540
10,2022,8648
11,2022,8897
12,2022,9152
1,2023,9132
2,2023,9243
3,2023,9816
4,2023,10768
5,2023,10963
6,2023,11311
7,2023,11675
