month,year,locations_CH_count
11,2020,2484
12,2020,2542
1,2021,2640
2,2021,2744
3,2021,2801
4,2021,2842
5,2021,2887
6,2021,2947
8,2021,3044
9,2021,3070
10,2021,3109
11,2021,3139
12,2021,3162
1,2022,3339
2,2022,3358
3,2022,3380
4,2022,3569
5,2022,3783
6,2022,3868
7,2022,3988
8,2022,4094
9,2022,4106
10,2022,4167
11,2022,4260
12,2022,4356
1,2023,4368
2,2023,4446
3,2023,4423
4,2023,5050
5,2023,5172
6,2023,5330
7,2023,5486
